LIFO scheduler with spinlock (average at 8 iteration(s)),

,,,,,,,,,,Average,,Statistics

Serial,0.868863,0.869279,0.860535,0.861204,0.860994,0.867916,0.867792,0.862025,,0.864826,,
1 Thread,0.89272,0.8912,0.870285,0.89793,0.881519,0.880744,0.881673,0.880775,,0.884606,,
2 Threads,0.559535,0.579475,0.56284,0.500095,0.485138,0.487573,0.485786,0.486919,,0.51842,,
3 Threads,0.343407,0.339288,0.346491,0.344862,0.345118,0.341888,0.35614,0.339914,,0.344639,,
4 Threads,0.283494,0.308362,0.279735,0.275597,0.281096,0.295882,0.294369,0.280025,,0.28732,,
5 Threads,0.246666,0.234782,0.2323,0.269049,0.235814,0.231889,0.233499,0.229281,,0.23916,,
6 Threads,0.205603,0.206704,0.205895,0.203478,0.205987,0.206121,0.206291,0.207318,,0.205925,,

